,name,id_user
0,abi,1.2.378966
1,adelmar,1.2.449948
2,adrian,1.2.875761
3,adrianaandrada,1.2.1051259
4,adriancuello,1.2.438313
5,adrianvitale,1.2.160666
6,aemarino,1.2.994614
7,agustin,1.2.437268
8,agustin1997,1.2.875780
9,agustincamara1710,1.2.875756
10,ailinr,1.2.446619
11,aime,1.2.380604
12,alecdp,1.2.161601
13,alejandra,1.2.1035801
14,alejandraocampp,1.2.1051225
15,alejandro,1.2.156836
16,alejandrotai,1.2.1074896
17,alejandrotaibi,1.2.674694
18,alejolip,1.2.878172
19,alemarmoni,1.2.1048493
20,alepastor,1.2.1050837
21,alex11,1.2.384378
22,alfredcord,1.2.424143
23,alghalbi,1.2.450935
24,alkimia,1.2.1060228
25,alr,1.2.376472
26,amaliacafiero,1.2.157166
27,amoreno,1.2.352220
28,anafer,1.2.443045
29,andrea,1.2.155895
30,andreagrasso,1.2.1060264
31,andreapeyrot,1.2.1051233
32,andresrusso,1.2.970798
33,andrestodesca,1.2.1075601
34,andreu,1.2.376393
35,andreuvargas,1.2.376394
36,angela,1.2.169650
37,angeldov,1.2.1035664
38,angelgabriel,1.2.163793
39,annaprem,1.2.1046863
40,antonella,1.2.407364
41,antonellamarchione,1.2.886225
42,antonellamarchione96,1.2.886211
43,antonieta13spat,1.2.1094178
44,antonio,1.2.1040162
45,any,1.2.1078692
46,any-76,1.2.472465
47,ari,1.2.411088
48,ariel,1.2.212833
49,arielnicolas,1.2.428346
50,arifey,1.2.411092
51,arturomdp,1.2.885861
52,asdrubal,1.2.1068303
53,asilva55,1.2.1035768
54,athos,1.2.887668
55,august,1.2.185195
56,augusto7,1.2.448240
57,augustol,1.2.357321
58,ayrton,1.2.916134
59,ayub,1.2.419563
60,b94778614,1.2.407359
61,badotti,1.2.170314
62,barbara,1.2.1080885
63,bbbbbkmimi,1.2.646639
64,beatriz23,1.2.401806
65,beceta5580,1.2.905309
66,belo,1.2.186741
67,belosoler,1.2.153339
68,benjamindavico,1.2.830092
69,bernardo,1.2.380725
70,beto,1.2.820991
71,c2788246,1.2.154529
72,camba,1.2.185221
73,camila,1.2.875763
74,camilalucianaortega,1.2.775525
75,candelaria,1.2.166678
76,carla,1.2.401805
77,carlos,1.2.154878
78,carlos444,1.2.160412
79,carlosalmeida,1.2.407368
80,carlosemilio,1.2.1059753
81,carloshugo,1.2.1063554
82,carlosm,1.2.1060305
83,carmenjacome,1.2.875114
84,caromayorga,1.2.984685
85,casinueva,1.2.1059070
86,cecilia,1.2.1051241
87,ceciliamc,1.2.360359
88,cesara,1.2.875678
89,cesarmeloni,1.2.394497
90,charlyok,1.2.377965
91,chino,1.2.185296
92,chitty,1.2.154151
93,christiancarola,1.2.154128
94,christianmaper,1.2.157168
95,ciberchoni,1.2.1051236
96,clairelempereur,1.2.1092760
97,clauar,1.2.448521
98,claudia,1.2.1063471
99,claudio,1.2.1036604
100,claudiogesell,1.2.1086959
101,claurios,1.2.1051268
102,clemira57,1.2.1051247
103,coopaceiteralamatanza,1.2.920205
104,cooperativalasalamandra,1.2.155682
105,cooperativaptga,1.2.155156
106,coopnuevaesperanza,1.2.156480
107,corinam,1.2.1051310
108,costacamila,1.2.876545
109,cottic,1.2.188153
110,cpaez,1.2.651709
111,daiana,1.2.874497
112,damian,1.2.162708
113,damianontivero,1.2.1090708
114,damper,1.2.401896
115,dani,1.2.154791
116,daniel,1.2.437302
117,daniel27,1.2.188716
118,danielar,1.2.875779
119,danielcavaignac,1.2.1062960
120,danielgrossi,1.2.1090704
121,danielhoraciomaidana,1.2.307679
122,danielylara,1.2.1051242
123,dariio,1.2.874499
124,dario,1.2.156158
125,debora,1.2.397277
126,delavansop,1.2.391794
127,diego,1.2.781834
128,diego-salce,1.2.633829
129,diego70depeche,1.2.775840
130,diego75,1.2.158863
131,diegobukay,1.2.886000
132,diegodepeche,1.2.846134
133,diegok02,1.2.160665
134,diegonj7,1.2.782771
135,diegonj7dev,1.2.794251
136,diegonj7test,1.2.794212
137,dieguito,1.2.153780
138,diramid0604,1.2.241841
139,dnxnx,1.2.375109
140,doblerre,1.2.1068311
141,doldraug,1.2.162480
142,donadominga,1.2.357366
143,donald,1.2.378045
144,dumitia,1.2.377151
145,dylan,1.2.670755
146,edith,1.2.1060258
147,edithe,1.2.154838
148,eduard,1.2.474946
149,eduardfolch,1.2.376648
150,eduardo,1.2.987523
151,efrain,1.2.154334
152,efrainbarraza,1.2.159632
153,elmercado,1.2.153189
154,elpitbull916,1.2.973732
155,emanuelbarboza,1.2.477862
156,emilianofelice,1.2.1082092
157,eneasnasif1995,1.2.869712
158,erazo,1.2.417768
159,erfan,1.2.856587
160,espacioserrano,1.2.393342
161,establecimientooktubre,1.2.1092879
162,esteban,1.2.156321
163,esteban1964,1.2.375944
164,estebaneban,1.2.443435
165,estebansanchez,1.2.179481
166,estudiojuridicomaggi,1.2.431282
167,etienne,1.2.393349
168,euge,1.2.411089
169,evangelina,1.2.1059798
170,evanz,1.2.381583
171,ewicarrega,1.2.185311
172,ezepich,1.2.984540
173,ezequiel,1.2.153214
174,ezequiel23,1.2.775483
175,fabiana,1.2.1068994
176,fabianmestralet,1.2.389378
177,fabiog,1.2.970797
178,facu,1.2.196551
179,facundo,1.2.162657
180,facundogrimberg,1.2.166128
181,facundoharguinteguy,1.2.307684
182,facundomarquez,1.2.177060
183,fcmarket,1.2.357407
184,fedelobat,1.2.379982
185,fedep,1.2.984888
186,federico,1.2.290478
187,federicoblasco,1.2.889077
188,federicohidalgo,1.2.194984
189,federicomartelli,1.2.165740
190,felipe,1.2.154305
191,fer,1.2.153213
192,ferbq73o,1.2.635723
193,ferbuero,1.2.1044445
194,ferbuerotrebino,1.2.154551
195,ferminmr14,1.2.178579
196,fernand0marino,1.2.154193
197,fernando,1.2.448509
198,fernandomz,1.2.962657
199,flor.murga,1.2.1075341
200,florpopi,1.2.227375
201,franc0rioni,1.2.154156
202,francisca,1.2.742636
203,francisco,1.2.1063555
204,franciscosusmel,1.2.997837
205,francodu,1.2.447366
206,francopozo,1.2.876097
207,francovico333,1.2.453538
208,franersees,1.2.155988
209,frank,1.2.185157
210,frank252,1.2.1073238
211,franv0,1.2.1074656
212,fulgen,1.2.956596
213,gabriel,1.2.166427
214,gabriel.sapienza,1.2.1051237
215,gabriel80,1.2.1059972
216,gabriela18,1.2.1068329
217,gabrieltxu,1.2.471102
218,gabrielz77,1.2.1057422
219,gala,1.2.1060242
220,gaston,1.2.381603
221,gastonlevy,1.2.1073170
222,gastonunlu,1.2.307678
223,gatlili02,1.2.881172
224,geek,1.2.185202
225,genaro70,1.2.448513
226,geno,1.2.390888
227,gerardolw,1.2.168630
228,gestiones,1.2.156177
229,gestionesaz,1.2.156187
230,giorgio,1.2.1070468
231,gisel,1.2.903840
232,gisela01,1.2.445326
233,glaciar-shop,1.2.155952
234,gonzalosebastian,1.2.857457
235,graciela,1.2.379109
236,gracielah,1.2.379171
237,gracoda,1.2.1060239
238,grimedero,1.2.1075914
239,grimedero1991,1.2.1081253
240,guillepar,1.2.377742
241,guillermo,1.2.154455
242,guillermo21,1.2.690465
243,guillermocelaya,1.2.153205
244,gusben,1.2.186369
245,gusolaeta,1.2.376815
246,guss22,1.2.387057
247,gustavo,1.2.375629
248,gustavoculcuy,1.2.1083367
249,hector,1.2.153856
250,hector58,1.2.874206
251,hector97,1.2.875760
252,hectorh,1.2.157151
253,hectortiburcio,1.2.448514
254,hermys,1.2.166782
255,hernan,1.2.388871
256,hernankpo,1.2.1078204
257,hgfljbgh,1.2.794191
258,hilario,1.2.1060116
259,horacio,1.2.160792
260,huarmi,1.2.378605
261,hueso,1.2.155969
262,hugo,1.2.393258
263,hugogomezveron,1.2.919235
264,hugolrivas,1.2.1074895
265,hugorodrigoserra,1.2.996673
266,humuz,1.2.464792
267,idea,1.2.355066
268,ignacio,1.2.160664
269,ignaciolohle,1.2.366136
270,ignaciopaganini,1.2.1082097
271,ilefonseca,1.2.1063552
272,impa,1.2.155893
273,indiguista,1.2.1078119
274,interspock,1.2.1051232
275,irazmai3327,1.2.448512
276,irma,1.2.1078091
277,irmarubens,1.2.1068380
278,isabel,1.2.461549
279,ita,1.2.1077676
280,ivan,1.2.358689
281,ivanandrez,1.2.385506
282,ivansosa,1.2.447629
283,javi,1.2.153200
284,javier.goglino,1.2.1071004
285,javier1,1.2.875765
286,jbajanznnnwnznnz,1.2.266310
287,jcronin,1.2.1094048
288,jeremias,1.2.438932
289,jesicasa,1.2.1090706
290,jesitatu,1.2.157529
291,jfc,1.2.426499
292,jiangyouping,1.2.397683
293,jimena,1.2.846145
294,jimenasca,1.2.775843
295,joaquin,1.2.163700
296,joel,1.2.164170
297,jofelopo,1.2.920160
298,jona,1.2.157416
299,jonibek,1.2.709355
300,jorge,1.2.154836
301,jorge150,1.2.880905
302,jorgeares,1.2.166325
303,jorgeeduardoares,1.2.1057546
304,jorgemeneses,1.2.1048677
305,jorgerodri,1.2.442898
306,jorges,1.2.393328
307,joseluisalfaro,1.2.1062963
308,josemarcio,1.2.170253
309,josemiranda,1.2.879211
310,josetacha,1.2.843973
311,juan,1.2.422055
312,juana,1.2.970503
313,juanarosaherrera,1.2.971040
314,juanchi,1.2.1041127
315,juaniaddis,1.2.186798
316,juanmartinez,1.2.1078296
317,juanmavilla,1.2.875778
318,juanmiguel,1.2.1038663
319,juanmira,1.2.162448
320,juansel,1.2.875777
321,juanvalerdi,1.2.634549
322,juanzxdxdxd,1.2.1078300
323,jul55io,1.2.156063
324,julian,1.2.364076
325,julianllamosas,1.2.154152
326,julianmartinez,1.2.1077731
327,juliantroccoli,1.2.875771
328,juliap,1.2.490244
329,julieta-marini75,1.2.884580
330,juliette,1.2.153206
331,julio,1.2.1044438
332,julioalaniz,1.2.1078161
333,juliocesar,1.2.1060236
334,juned9140488828,1.2.435566
335,junma,1.2.406317
336,kari.garo,1.2.977153
337,kari0413,1.2.1059057
338,karla,1.2.249712
339,karyw,1.2.171341
340,keetzoo,1.2.154321
341,kenny,1.2.365734
342,kevin1,1.2.984764
343,kishan,1.2.153468
344,klink,1.2.167633
345,laeva,1.2.1068286
346,lahiru1234,1.2.153953
347,lal,1.2.358161
348,lalopizarro,1.2.447850
349,larsen,1.2.155894
350,laurin,1.2.188653
351,laurinchinchis,1.2.154158
352,leandronn,1.2.389891
353,leo,1.2.474894
354,leomachado,1.2.1035701
355,leonardo,1.2.1051318
356,leonardorochelle,1.2.1058255
357,leonelmachado,1.2.1047863
358,leorueda.sanmarcos,1.2.428375
359,letternauta,1.2.702409
360,lidiaps,1.2.917390
361,liliana,1.2.422146
362,lilif,1.2.1071063
363,lilips,1.2.917491
364,lily,1.2.1085077
365,lizartetango,1.2.913816
366,lorena,1.2.1062961
367,lorenamedel,1.2.1078125
368,lriccombene,1.2.156984
369,lrsasso,1.2.960667
370,lucas,1.2.355424
371,lucasgolini,1.2.970833
372,lucasm,1.2.928579
373,lucasmorilla,1.2.156676
374,lucasmorilla2,1.2.444580
375,lucaspro,1.2.1088790
376,lucasre,1.2.157321
377,lucastiglia,1.2.393801
378,luchonikov,1.2.357289
379,lucia.monzon,1.2.440494
380,luciana,1.2.829725
381,lucila,1.2.872275
382,luis,1.2.152587
383,luis1soto,1.2.451827
384,luislobo,1.2.188212
385,luismercado.intento,1.2.1070702
386,lujanherrera,1.2.354573
387,lulecamello,1.2.212884
388,lunajorg40,1.2.1051274
389,lunalana,1.2.1051167
390,lviolini,1.2.1062964
391,magno,1.2.161599
392,magui,1.2.305116
393,mahdi,1.2.274302
394,male,1.2.833889
395,malena40,1.2.1050652
396,manuel.bogarin8,1.2.1055736
397,manuelmarchi,1.2.837724
398,mar,1.2.1051290
399,marce,1.2.377782
400,marcela,1.2.156403
401,marcelalopez,1.2.1078158
402,marcelita183,1.2.1070694
403,marcelitu,1.2.355305
404,marcellus,1.2.188570
405,marcelo,1.2.665583
406,marcelofaure,1.2.1068446
407,marcelog,1.2.1068653
408,marco,1.2.185297
409,marcomagna,1.2.156967
410,marcos,1.2.157228
411,marcoscoach,1.2.157233
412,marcoskatz,1.2.157440
413,maria,1.2.457929
414,mariae,1.2.403702
415,mariaeva,1.2.358353
416,mariagimenez,1.2.166461
417,marialbamonte,1.2.1035662
418,marian77,1.2.163450
419,mariana,1.2.1016686
420,mariana1984,1.2.1037008
421,marianatorrisi,1.2.1078018
422,mariano,1.2.188730
423,mariano-z,1.2.885510
424,mariano2904,1.2.875759
425,marianobonilla,1.2.868380
426,marianodamian,1.2.396669
427,marianux,1.2.379105
428,mariapolemann,1.2.307677
429,mariel721,1.2.1078186
430,mariela,1.2.992697
431,marina,1.2.483145
432,marina.waba,1.2.1001316
433,marinasolanas,1.2.432761
434,mario88,1.2.686321
435,mariobq,1.2.642179
436,mariocaf,1.2.153191
437,mariog1985,1.2.451148
438,marisol,1.2.1069319
439,marisolburgos,1.2.1078114
440,marita,1.2.1079888
441,marivi,1.2.1051095
442,marlene,1.2.1068894
443,martin,1.2.709376
444,martin.iglesias,1.2.155157
445,martinbarrea,1.2.157246
446,martindkr87,1.2.1067170
447,martinesteban,1.2.1082094
448,martinjabon,1.2.432118
449,martinpar18,1.2.762060
450,martinsole,1.2.431225
451,maru,1.2.156120
452,mathias,1.2.479005
453,matias,1.2.152125
454,matias-zeintger,1.2.455462
455,matias92,1.2.158862
456,mativazquez,1.2.463505
457,mauri2006,1.2.1051238
458,mauro,1.2.874437
459,mauroandres,1.2.997925
460,max80,1.2.443732
461,maxilovera,1.2.449925
462,maximiliano,1.2.164341
463,maximiliano1010,1.2.981752
464,maximiliano48,1.2.956984
465,mayraolivetti,1.2.875757
466,mayyolivetti,1.2.875768
467,mcalamdq1,1.2.1050836
468,meleiton,1.2.156431
469,melimar,1.2.1078015
470,melina,1.2.407466
471,mepvdeluxe,1.2.683079
472,mercedes,1.2.1051240
473,micaela,1.2.443035
474,micaela17,1.2.401808
475,miguelcasimiro,1.2.448527
476,miguelcp,1.2.879213
477,miguelrod,1.2.438143
478,miriamj,1.2.366010
479,mirianquiroz,1.2.397489
480,mjlorda,1.2.377845
481,mleikin,1.2.378025
482,mnegre323,1.2.326624
483,mohannad,1.2.709329
484,moni,1.2.1051071
485,monica.franco,1.2.1062914
486,monicabernard,1.2.1050549
487,monicacdp,1.2.161602
488,monicapescaderia,1.2.784863
489,mora,1.2.472314
490,moradsk9583913846,1.2.449693
491,muju,1.2.160674
492,munaresangel,1.2.1051222
493,murdock,1.2.157602
494,mutualup,1.2.157145
495,nahummirad,1.2.414836
496,nancy869,1.2.1051243
497,nantili,1.2.1060251
498,nanunanu,1.2.370224
499,natalia,1.2.1067752
500,nataliaestetica,1.2.1078704
501,nati,1.2.307695
502,nati1975,1.2.307689
503,nati22,1.2.1090705
504,naturalmente,1.2.872273
505,naty,1.2.822123
506,ndancel,1.2.212894
507,ndna1911,1.2.1062189
508,nels4600,1.2.162401
509,nestor,1.2.157291
510,nhkosciuk,1.2.311263
511,nicoechaniz,1.2.168346
512,nicolas,1.2.153188
513,nicolasfergero,1.2.366007
514,nicolodo,1.2.157851
515,niih,1.2.154544
516,nildag,1.2.463498
517,nirat,1.2.160422
518,nodoescobar,1.2.1072997
519,nodomdq,1.2.1040812
520,noelia,1.2.383309
521,noemif,1.2.781586
522,normalhp,1.2.1078691
523,nstamm,1.2.331284
524,omar,1.2.378353
525,onasisi,1.2.307760
526,ornella,1.2.154150
527,osloelconspiranoico,1.2.874431
528,ovejanegra,1.2.1035667
529,pablo,1.2.185156
530,pablo.resua,1.2.1085897
531,pablo57,1.2.377920
532,pablo78,1.2.1059970
533,pablo89,1.2.875755
534,pablo904,1.2.290725
535,pablobenetti,1.2.1063553
536,pablobring,1.2.781055
537,pabloc,1.2.155942
538,pablogrod,1.2.361877
539,pabloiaria,1.2.196608
540,pablopatoruzu,1.2.835638
541,pablopodesta,1.2.1067776
542,pablosarmiento,1.2.160667
543,padilla,1.2.155575
544,palermorustico,1.2.153210
545,pamelaps,1.2.667678
546,pamelasierra,1.2.1039839
547,pampa,1.2.1008821
548,papai,1.2.187303
549,paprika,1.2.1076408
550,paradigma,1.2.1050696
551,patobales,1.2.690466
552,patobustamante,1.2.305110
553,patoramirez,1.2.437304
554,patoramirez100,1.2.437311
555,patricia,1.2.188656
556,pau,1.2.184357
557,paulina,1.2.826406
558,pauloismael,1.2.1059769
559,paz,1.2.443044
560,pazrey,1.2.457235
561,pedro,1.2.875508
562,peppe,1.2.1002165
563,perliu,1.2.153211
564,pferder,1.2.157282
565,pmluciano,1.2.1062965
566,ponchorojo,1.2.155972
567,ppppphhg,1.2.160423
568,prueba,1.2.152384
569,psixto,1.2.161258
570,puntodeencuentro,1.2.377999
571,raccotpadilla,1.2.162670
572,radio965,1.2.426382
573,rafael,1.2.1039212
574,rafaeldef,1.2.387209
575,ramiritus,1.2.1069012
576,ramiro2006,1.2.432760
577,ramirosoria95,1.2.775508
578,ramji,1.2.165688
579,ranulfo,1.2.259564
580,raul,1.2.166005
581,raulcrojas,1.2.377631
582,recicleti,1.2.904975
583,recipol,1.2.898637
584,regmarcos,1.2.366574
585,reinaldo,1.2.378949
586,renee,1.2.1067207
587,revivir,1.2.967826
588,rhyfg,1.2.352514
589,ricardo,1.2.157438
590,richardroj,1.2.1088448
591,rikymoreno,1.2.690468
592,rnglab,1.2.154275
593,rober69,1.2.161302
594,rocioferreyra,1.2.917541
595,rodrigo,1.2.153212
596,rodrigorapoport,1.2.160670
597,rogelio,1.2.155978
598,rolando,1.2.377821
599,romina,1.2.401816
600,rominola,1.2.307692
601,rosa,1.2.919377
602,rosahaydee,1.2.387908
603,rosanaarias,1.2.401832
604,rosanafrida,1.2.1078136
605,rpolverini,1.2.156093
606,rufino,1.2.188218
607,rulosanti,1.2.375019
608,sabores18,1.2.1078187
609,sairala,1.2.307682
610,salvadorf,1.2.381953
611,samantagarcia,1.2.1078123
612,samuh1125,1.2.407299
613,sandr3lica,1.2.1057677
614,sandra,1.2.1060270
615,santiago,1.2.156734
616,santiagopla,1.2.1088692
617,santiperis,1.2.992075
618,satoshi,1.2.185312
619,saul,1.2.188211
620,sbierwerth,1.2.1073149
621,scholakian,1.2.1046214
622,seba,1.2.294759
623,seba85,1.2.1055510
624,sebapuecha,1.2.448506
625,sebastian,1.2.984364
626,sebastianpinto,1.2.366006
627,sefaze,1.2.1084450
628,sergiodavidperez,1.2.318636
629,sergiomurias,1.2.370051
630,shisas,1.2.1039702
631,silvia,1.2.763664
632,silviaygoyo,1.2.471276
633,simon,1.2.875762
634,simonvanini,1.2.384286
635,sladdaga,1.2.875651
636,sofiaghi,1.2.1062959
637,soledad,1.2.153282
638,solo,1.2.701220
639,sonu,1.2.375196
640,stemarperg,1.2.401817
641,subpga,1.2.161600
642,syssublimacion,1.2.1060230
643,tamara,1.2.1050684
644,tano,1.2.307718
645,tecla,1.2.992007
646,test,1.2.761180
647,thera,1.2.856931
648,tigredefuego,1.2.1086519
649,truetrust,1.2.156054
650,tuti,1.2.152779
651,uli,1.2.153611
652,user,1.2.1035614
653,user1,1.2.1035622
654,valeria,1.2.366012
655,valeriacch,1.2.971053
656,valeriach,1.2.870698
657,vasco,1.2.1044433
658,vasquito,1.2.1063462
659,veronicaaz,1.2.423043
660,veronicasm,1.2.357215
661,vhpiris,1.2.177069
662,vhpiris1000,1.2.420287
663,vialola,1.2.935287
664,victor,1.2.995442
665,victor678,1.2.907954
666,vientotres,1.2.642039
667,volcan2011,1.2.155892
668,webok,1.2.393812
669,willyug,1.2.1090707
670,wuilliam,1.2.687538
671,xaiki,1.2.1075861
672,ximena,1.2.874400
673,yanina,1.2.377089
674,yatenia,1.2.378567
675,yolanda70,1.2.401804
676,yonati,1.2.307697
677,ypaoladiaz1,1.2.363858
678,zampa1969,1.2.447763
679,zanni7c,1.2.154195
680,zeta,1.2.1078215
